<?xml version="1.0" encoding="UTF-8"?>
<window>
    <coordinates>
        <left>465</left>
        <top>265</top>
    </coordinates>
    <controls>
        <control type="group">
            <control type="image">
                <left>70</left>
                <top>20</top>
                <width>700</width>
                <height>450</height>
                <texture border="8">Background/loguploader-dialog-bg.png</texture>
            </control>
            <control type="label" id="100">
                <description>header label</description>
                <posx>320</posx>
                <posy>20</posy>
                <width>970</width>
                <height>40</height>
                <font>font13</font>
                <label></label>
            </control>
            <control type="textbox" id="101">
                <left>100</left>
                <top>75</top>
                <width>870</width>
                <height>380</height>
                <font>font12</font>
                <align>left</align>
                <aligny>top</aligny>
            </control>
            <control type="textbox" id="102">
                <left>100</left>
                <top>115</top>
                <width>870</width>
                <height>380</height>
                <font>font12</font>
                <align>left</align>
                <aligny>top</aligny>
            </control>
            <control type="textbox" id="103">
                <left>100</left>
                <top>155</top>
                <width>870</width>
                <height>380</height>
                <font>font12</font>
                <align>left</align>
                <aligny>top</aligny>
            </control>
            <control type="textbox" id="104">
                <left>100</left>
                <top>195</top>
                <width>870</width>
                <height>380</height>
                <font>font12</font>
                <align>left</align>
                <aligny>top</aligny>
            </control>
            <control type="textbox" id="105">
                <left>100</left>
                <top>235</top>
                <width>870</width>
                <height>380</height>
                <font>font12</font>
                <align>left</align>
                <aligny>top</aligny>
            </control>
            <control type="textbox" id="106">
                <left>100</left>
                <top>275</top>
                <width>870</width>
                <height>380</height>
                <font>font12</font>
                <align>left</align>
                <aligny>top</aligny>
            </control>
            <control type="textbox" id="107">
                <left>100</left>
                <top>315</top>
                <width>870</width>
                <height>380</height>
                <font>font12</font>
                <align>left</align>
                <aligny>top</aligny>
            </control>
        </control>
        <control type="group" id="9001">
            <control type="button" id="201">
                <left>535</left>
                <top>380</top>
                <width>200</width>
                <height>70</height>
                <font>font12</font>
                <textcolor>FFFFFFFF</textcolor>
                <label>Close</label>
                <align>center</align>
                <aligny>center</aligny>
                <texturefocus border="30">SpeedTest/btn_gloss.png</texturefocus>
                <texturenofocus border="30">SpeedTest/btn_gloss.png</texturenofocus>
            </control>
        </control>
    </controls>
</window>
