<?xml version="1.0" encoding="UTF-8" standalone="yes"?>
<addon id="script.ftgpair" name=" [COLOR orange]FTG[/COLOR] Pair" version="1.0.1" provider-name="[COLOR red]F[COLOR white]T[COLOR blue]G[/COLOR]">
  <requires>
    <import addon="xbmc.python" version="2.1.0"/>
  </requires>
  <extension point="xbmc.python.pluginsource" library="pair.py">
        <provides>executable</provides>
  </extension>
  <extension point="xbmc.addon.metadata">
    <platform>all</platform>
    <summary lang="en">Small Script for Pairing</summary>
    <description lang="en">Small Script for Pairing</description>
    <disclaimer lang="en">-</disclaimer>
    <language></language>
    <platform>all</platform>
    <license>GNU GENERAL PUBLIC LICENSE. Version 2, June 1991</license>
  </extension>
</addon>
