<?xml version="1.0" encoding="UTF-8" standalone="yes"?>
<addon id="plugin.video.firefitness"
	name="Fire Fitness"
	version="0.0.2"
	provider-name="Fire TV Guru">
  <requires>
    <import addon="xbmc.python" version="2.1.0"/>
    <import addon="script.module.addon.common" version="2.0.0"/>
    <import addon="plugin.video.youtube" version="5.0.0"/>
  </requires>
  <extension point="xbmc.python.pluginsource" library="default.py">
    <provides>video</provides>
  </extension>
  <extension point="xbmc.addon.metadata">
    <summary lang="en">Fire Fitness</summary>
    <description lang="en">Fitness and Workout content.  All the content provided is copyrighted to the repectfull owners on YouTube.</description>
    <platform>all</platform>
    <forum>n/a</forum>
    <website>n/a</website>
  </extension>
</addon>
